{
"type": "FeatureCollection",
"name": "Stock total de migrants internationaux1990_2017_centroides",
"crs": { "type": "name", "properties": { "name": "urn:ogc:def:crs:OGC:1.3:CRS84" } },
"features": [
{ "type": "Feature", "properties": { "ISO2": "GQ", "ISO3": "GNQ", "ISONUM": 226, "NAMEen": "Equatorial Guinea", "NAMEfr": "Guinée-Équatoriale", "Major_area": "Africa", "_1990": 2740, "_1995": 3629, "_2000": 4517, "_2005": 6588, "_2010": 8658, "_2015": 209611, "_2017": 221865 }, "geometry": { "type": "Point", "coordinates": [ 10.423670333703205, 1.610073967857127 ] } },
{ "type": "Feature", "properties": { "ISO2": "TV", "ISO3": "TUV", "ISONUM": 798, "NAMEen": "Tuvalu", "NAMEfr": "Tuvalu", "Major_area": "Oceania", "_1990": 318, "_1995": 263, "_2000": 217, "_2005": 183, "_2010": 154, "_2015": 141, "_2017": 143 }, "geometry": { "type": "Point", "coordinates": [ 179.00219173110915, -7.994389316576918 ] } },
{ "type": "Feature", "properties": { "ISO2": "MV", "ISO3": "MDV", "ISONUM": 462, "NAMEen": "Maldives", "NAMEfr": "Maldives", "Major_area": "Asia", "_1990": 8689, "_1995": 18510, "_2000": 27092, "_2005": 45045, "_2010": 54659, "_2015": 64273, "_2017": 67026 }, "geometry": { "type": "Point", "coordinates": [ 73.524594732998565, 3.364742462719672 ] } },
{ "type": "Feature", "properties": { "ISO2": "AD", "ISO3": "AND", "ISONUM": 20, "NAMEen": "Andorra", "NAMEfr": "Andorre", "Major_area": "Europe", "_1990": 38904, "_1995": 40525, "_2000": 42146, "_2005": 50298, "_2010": 52053, "_2015": 42082, "_2017": 41039 }, "geometry": { "type": "Point", "coordinates": [ 1.50491909609954, 42.510314976149139 ] } },
{ "type": "Feature", "properties": { "ISO2": "AG", "ISO3": "ATG", "ISONUM": 28, "NAMEen": "Antigua and Barbuda", "NAMEfr": "Antigua-et-Barbuda", "Major_area": "America", "_1990": 12029, "_1995": 17550, "_2000": 23071, "_2005": 24741, "_2010": 26412, "_2015": 28083, "_2017": 28646 }, "geometry": { "type": "Point", "coordinates": [ -61.778066631413964, 17.054014758460404 ] } },
{ "type": "Feature", "properties": { "ISO2": "AT", "ISO3": "AUT", "ISONUM": 40, "NAMEen": "Austria", "NAMEfr": "Autriche", "Major_area": "Europe", "_1990": 793239, "_1995": 894893, "_2000": 996547, "_2005": 1136270, "_2010": 1275992, "_2015": 1492374, "_2017": 1660283 }, "geometry": { "type": "Point", "coordinates": [ 14.186603326421103, 47.605298338548714 ] } },
{ "type": "Feature", "properties": { "ISO2": "BE", "ISO3": "BEL", "ISONUM": 56, "NAMEen": "Belgium", "NAMEfr": "Belgique", "Major_area": "Europe", "_1990": 904528, "_1995": 909769, "_2000": 895900, "_2005": 882031, "_2010": 1119256, "_2015": 1252380, "_2017": 1268411 }, "geometry": { "type": "Point", "coordinates": [ 4.578797924447182, 50.64055072777299 ] } },
{ "type": "Feature", "properties": { "ISO2": "BH", "ISO3": "BHR", "ISONUM": 48, "NAMEen": "Bahrain", "NAMEfr": "Bahren", "Major_area": "Asia", "_1990": 173212, "_1995": 205979, "_2000": 239361, "_2005": 404018, "_2010": 657856, "_2015": 704137, "_2017": 722649 }, "geometry": { "type": "Point", "coordinates": [ 50.636867040333776, 26.310530756623624 ] } },
{ "type": "Feature", "properties": { "ISO2": "BS", "ISO3": "BHS", "ISONUM": 44, "NAMEen": "Bahamas", "NAMEfr": "Bahamas", "Major_area": "America", "_1990": 26855, "_1995": 31654, "_2000": 36454, "_2005": 45595, "_2010": 54736, "_2015": 59306, "_2017": 61806 }, "geometry": { "type": "Point", "coordinates": [ -77.884256566344746, 24.605568177074026 ] } },
{ "type": "Feature", "properties": { "ISO2": "BB", "ISO3": "BRB", "ISONUM": 52, "NAMEen": "Barbados", "NAMEfr": "Barbade", "Major_area": "America", "_1990": 24024, "_1995": 26224, "_2000": 28424, "_2005": 30624, "_2010": 32825, "_2015": 34475, "_2017": 34660 }, "geometry": { "type": "Point", "coordinates": [ -59.522588379169228, 13.164392680256181 ] } },
{ "type": "Feature", "properties": { "ISO2": "CH", "ISO3": "CHE", "ISONUM": 756, "NAMEen": "Switzerland", "NAMEfr": "Suisse", "Major_area": "Europe", "_1990": 1392282, "_1995": 1478829, "_2000": 1570756, "_2005": 1805437, "_2010": 2075182, "_2015": 2416394, "_2017": 2506394 }, "geometry": { "type": "Point", "coordinates": [ 8.204359605020336, 46.808062949907338 ] } },
{ "type": "Feature", "properties": { "ISO2": "KM", "ISO3": "COM", "ISONUM": 174, "NAMEen": "Comoros", "NAMEfr": "Comores", "Major_area": "Africa", "_1990": 14079, "_1995": 13939, "_2000": 13799, "_2005": 13209, "_2010": 12618, "_2015": 12555, "_2017": 12555 }, "geometry": { "type": "Point", "coordinates": [ 43.535771524736568, -11.753938988301728 ] } },
{ "type": "Feature", "properties": { "ISO2": "CV", "ISO3": "CPV", "ISONUM": 132, "NAMEen": "Cape Verde", "NAMEfr": "Cap-Vert", "Major_area": "Africa", "_1990": 8931, "_1995": 9979, "_2000": 11027, "_2005": 12700, "_2010": 14373, "_2015": 14924, "_2017": 15295 }, "geometry": { "type": "Point", "coordinates": [ -23.588158555154429, 15.365380087960318 ] } },
{ "type": "Feature", "properties": { "ISO2": "DE", "ISO3": "DEU", "ISONUM": 276, "NAMEen": "Germany", "NAMEfr": "Allemagne", "Major_area": "Europe", "_1990": 5936181, "_1995": 7464406, "_2000": 8992631, "_2005": 9402447, "_2010": 9812263, "_2015": 10220418, "_2017": 12165083 }, "geometry": { "type": "Point", "coordinates": [ 10.411981244677015, 51.104253326198013 ] } },
{ "type": "Feature", "properties": { "ISO2": "DM", "ISO3": "DMA", "ISONUM": 212, "NAMEen": "Dominica", "NAMEfr": "Dominique", "Major_area": "America", "_1990": 2519, "_1995": 3121, "_2000": 3723, "_2005": 4744, "_2010": 5765, "_2015": 6720, "_2017": 6782 }, "geometry": { "type": "Point", "coordinates": [ -61.362720303360121, 15.399923802829466 ] } },
{ "type": "Feature", "properties": { "ISO2": "DK", "ISO3": "DNK", "ISONUM": 208, "NAMEen": "Denmark", "NAMEfr": "Danemark", "Major_area": "Europe", "_1990": 235189, "_1995": 303108, "_2000": 371026, "_2005": 440383, "_2010": 509740, "_2015": 595876, "_2017": 656789 }, "geometry": { "type": "Point", "coordinates": [ 9.426608219921416, 56.285927239339323 ] } },
{ "type": "Feature", "properties": { "ISO2": "ES", "ISO3": "ESP", "ISONUM": 724, "NAMEen": "Spain", "NAMEfr": "Espagne", "Major_area": "Europe", "_1990": 821605, "_1995": 1020067, "_2000": 1657285, "_2005": 4107226, "_2010": 6280065, "_2015": 5891208, "_2017": 5947106 }, "geometry": { "type": "Point", "coordinates": [ -3.55675115207817, 40.361739060260881 ] } },
{ "type": "Feature", "properties": { "ISO2": "FO", "ISO3": "FRO", "ISONUM": 234, "NAMEen": "Faeroe Islands", "NAMEfr": "Îles Féroé", "Major_area": "Europe", "_1990": 4285, "_1995": 2900, "_2000": 3593, "_2005": 4583, "_2010": 5096, "_2015": 5517, "_2017": 5735 }, "geometry": { "type": "Point", "coordinates": [ -6.83305825731391, 62.056253125380593 ] } },
{ "type": "Feature", "properties": { "ISO2": "FM", "ISO3": "FSM", "ISONUM": 583, "NAMEen": "Micronesia", "NAMEfr": "Micronésie", "Major_area": "Oceania", "_1990": 3685, "_1995": 3342, "_2000": 3116, "_2005": 2905, "_2010": 2805, "_2015": 2756, "_2017": 2785 }, "geometry": { "type": "Point", "coordinates": [ 158.282342808505007, 6.941461761893708 ] } },
{ "type": "Feature", "properties": { "ISO2": "GG", "ISO3": "GGY", "ISONUM": 831, "NAMEen": "Guernsey", "NAMEfr": "Guernesey", "Major_area": null, "_1990": null, "_1995": null, "_2000": null, "_2005": null, "_2010": null, "_2015": null, "_2017": null }, "geometry": { "type": "Point", "coordinates": [ -2.591864075920809, 49.463785091391522 ] } },
{ "type": "Feature", "properties": { "ISO2": "GD", "ISO3": "GRD", "ISONUM": 308, "NAMEen": "Grenada", "NAMEfr": "Grenade", "Major_area": "America", "_1990": 4263, "_1995": 5544, "_2000": 6825, "_2005": 6902, "_2010": 6980, "_2015": 7057, "_2017": 7124 }, "geometry": { "type": "Point", "coordinates": [ -61.52406575229206, 12.243339884670707 ] } },
{ "type": "Feature", "properties": { "ISO2": "IM", "ISO3": "IMN", "ISONUM": 833, "NAMEen": "Isle of Man", "NAMEfr": "Île de Man", "Major_area": "Europe", "_1990": 34769, "_1995": 36886, "_2000": 39002, "_2005": 41475, "_2010": 43447, "_2015": 45221, "_2017": 45872 }, "geometry": { "type": "Point", "coordinates": [ -4.472159964826548, 54.193665862883783 ] } },
{ "type": "Feature", "properties": { "ISO2": "IT", "ISO3": "ITA", "ISONUM": 380, "NAMEen": "Italy", "NAMEfr": "Italie", "Major_area": "Europe", "_1990": 1428221, "_1995": 1774953, "_2000": 2121690, "_2005": 3954785, "_2010": 5787898, "_2015": 5805325, "_2017": 5907461 }, "geometry": { "type": "Point", "coordinates": [ 12.209272292936962, 43.527082516676799 ] } },
{ "type": "Feature", "properties": { "ISO2": "JE", "ISO3": "JEY", "ISONUM": 832, "NAMEen": "Jersey", "NAMEfr": "Jersey", "Major_area": null, "_1990": null, "_1995": null, "_2000": null, "_2005": null, "_2010": null, "_2015": null, "_2017": null }, "geometry": { "type": "Point", "coordinates": [ -2.072130923761777, 49.20049053989657 ] } },
{ "type": "Feature", "properties": { "ISO2": "KI", "ISO3": "KIR", "ISONUM": 296, "NAMEen": "Kiribati", "NAMEfr": "Kiribati", "Major_area": "Oceania", "_1990": 2162, "_1995": 2223, "_2000": 2283, "_2005": 2487, "_2010": 2868, "_2015": 2919, "_2017": 3022 }, "geometry": { "type": "Point", "coordinates": [ -158.584814322833665, 2.046375490366483 ] } },
{ "type": "Feature", "properties": { "ISO2": "KN", "ISO3": "KNA", "ISONUM": 659, "NAMEen": "Saint Kitts and Nevis", "NAMEfr": "Saint-Christophe-et-Niévès", "Major_area": "America", "_1990": 3210, "_1995": 4248, "_2000": 5871, "_2005": 6682, "_2010": 7245, "_2015": 7443, "_2017": 7587 }, "geometry": { "type": "Point", "coordinates": [ -62.680046161855422, 17.258138980139684 ] } },
{ "type": "Feature", "properties": { "ISO2": "LC", "ISO3": "LCA", "ISONUM": 662, "NAMEen": "Saint Lucia", "NAMEfr": "Sainte-Lucie", "Major_area": "America", "_1990": 5305, "_1995": 7152, "_2000": 9868, "_2005": 11468, "_2010": 12100, "_2015": 12771, "_2017": 12889 }, "geometry": { "type": "Point", "coordinates": [ -60.928919367311593, 13.916221984225434 ] } },
{ "type": "Feature", "properties": { "ISO2": "LI", "ISO3": "LIE", "ISONUM": 438, "NAMEen": "Liechtenstein", "NAMEfr": "Liechtenstein", "Major_area": "Europe", "_1990": 10906, "_1995": 13311, "_2000": 15483, "_2005": 18898, "_2010": 22342, "_2015": 23799, "_2017": 24683 }, "geometry": { "type": "Point", "coordinates": [ 9.550375607466666, 47.1348071472 ] } },
{ "type": "Feature", "properties": { "ISO2": "LU", "ISO3": "LUX", "ISONUM": 442, "NAMEen": "Luxembourg", "NAMEfr": "Luxembourg", "Major_area": "Europe", "_1990": 113795, "_1995": 126106, "_2000": 139750, "_2005": 150618, "_2010": 248888, "_2015": 260573, "_2017": 264073 }, "geometry": { "type": "Point", "coordinates": [ 6.139197281570437, 49.723676498201399 ] } },
{ "type": "Feature", "properties": { "ISO2": "MC", "ISO3": "MCO", "ISONUM": 492, "NAMEen": "Monaco", "NAMEfr": "Monaco", "Major_area": "Europe", "_1990": 20359, "_1995": 21060, "_2000": 21787, "_2005": 21312, "_2010": 21132, "_2015": 21042, "_2017": 21255 }, "geometry": { "type": "Point", "coordinates": [ 7.307413791792235, 43.743271253609208 ] } },
{ "type": "Feature", "properties": { "ISO2": "MH", "ISO3": "MHL", "ISONUM": 584, "NAMEen": "Marshall Islands", "NAMEfr": "Îles Marshall", "Major_area": "Oceania", "_1990": 1158, "_1995": 1480, "_2000": 1891, "_2005": 2417, "_2010": 3089, "_2015": 3284, "_2017": 3292 }, "geometry": { "type": "Point", "coordinates": [ 171.216639711769062, 7.120161765582116 ] } },
{ "type": "Feature", "properties": { "ISO2": "MT", "ISO3": "MLT", "ISONUM": 470, "NAMEen": "Malta", "NAMEfr": "Malte", "Major_area": "Europe", "_1990": 15077, "_1995": 17740, "_2000": 21521, "_2005": 24560, "_2010": 33008, "_2015": 42430, "_2017": 45539 }, "geometry": { "type": "Point", "coordinates": [ 14.383249612168065, 35.937794438995624 ] } },
{ "type": "Feature", "properties": { "ISO2": "MU", "ISO3": "MUS", "ISONUM": 480, "NAMEen": "Mauritius", "NAMEfr": "Maurice", "Major_area": "Africa", "_1990": 3613, "_1995": 7493, "_2000": 15543, "_2005": 19647, "_2010": 24836, "_2015": 28585, "_2017": 28713 }, "geometry": { "type": "Point", "coordinates": [ 57.55631813997951, -20.29076200595393 ] } },
{ "type": "Feature", "properties": { "ISO2": "NR", "ISO3": "NRU", "ISONUM": 520, "NAMEen": "Nauru", "NAMEfr": "Nauru", "Major_area": "Oceania", "_1990": 2815, "_1995": 2605, "_2000": 2394, "_2005": 2253, "_2010": 2112, "_2015": 3678, "_2017": 3710 }, "geometry": { "type": "Point", "coordinates": [ 166.943576440516722, -0.51418636449439 ] } },
{ "type": "Feature", "properties": { "ISO2": "PW", "ISO3": "PLW", "ISONUM": 585, "NAMEen": "Palau", "NAMEfr": "Palaos", "Major_area": "Oceania", "_1990": 2801, "_1995": 4749, "_2000": 6310, "_2005": 6043, "_2010": 5490, "_2015": 4937, "_2017": 4988 }, "geometry": { "type": "Point", "coordinates": [ 134.630276654816981, 7.433663165589922 ] } },
{ "type": "Feature", "properties": { "ISO2": "SG", "ISO3": "SGP", "ISONUM": 702, "NAMEen": "Singapore", "NAMEfr": "Singapour", "Major_area": "Asia", "_1990": 727262, "_1995": 991492, "_2000": 1351691, "_2005": 1710594, "_2010": 2164794, "_2015": 2543638, "_2017": 2623404 }, "geometry": { "type": "Point", "coordinates": [ 103.878777126846245, 1.326126779431696 ] } },
{ "type": "Feature", "properties": { "ISO2": "SM", "ISO3": "SMR", "ISONUM": 674, "NAMEen": "San Marino", "NAMEfr": "Saint-Marin", "Major_area": "Europe", "_1990": 3310, "_1995": 3659, "_2000": 4045, "_2005": 4218, "_2010": 4399, "_2015": 5174, "_2017": 5243 }, "geometry": { "type": "Point", "coordinates": [ 12.458846669101089, 43.933904617052271 ] } },
{ "type": "Feature", "properties": { "ISO2": "ST", "ISO3": "STP", "ISONUM": 678, "NAMEen": "Sao Tome and Principe", "NAMEfr": "Sao Tomé-et-Principe", "Major_area": "Africa", "_1990": 5582, "_1995": 4936, "_2000": 4365, "_2005": 3433, "_2010": 2700, "_2015": 2394, "_2017": 2293 }, "geometry": { "type": "Point", "coordinates": [ 6.673907007359879, 0.306362809659957 ] } },
{ "type": "Feature", "properties": { "ISO2": "SC", "ISO3": "SYC", "ISONUM": 690, "NAMEen": "Seychelles", "NAMEfr": "Seychelles", "Major_area": "Africa", "_1990": 3721, "_1995": 5148, "_2000": 6574, "_2005": 8997, "_2010": 11420, "_2015": 12791, "_2017": 12926 }, "geometry": { "type": "Point", "coordinates": [ 55.53075174829857, -4.761369521190867 ] } },
{ "type": "Feature", "properties": { "ISO2": "TO", "ISO3": "TON", "ISONUM": 776, "NAMEen": "Tonga", "NAMEfr": "Tonga", "Major_area": "Oceania", "_1990": 2911, "_1995": 3274, "_2000": 3684, "_2005": 4301, "_2010": 4589, "_2015": 4877, "_2017": 4952 }, "geometry": { "type": "Point", "coordinates": [ -175.135744338996318, -21.14835738669542 ] } },
{ "type": "Feature", "properties": { "ISO2": "VA", "ISO3": "VAT", "ISONUM": 336, "NAMEen": "Vatican", "NAMEfr": "Vatican", "Major_area": "Europe", "_1990": 768, "_1995": 780, "_2000": 785, "_2005": 798, "_2010": 794, "_2015": 803, "_2017": 792 }, "geometry": { "type": "Point", "coordinates": [ 12.457968997415543, 41.905328573633426 ] } },
{ "type": "Feature", "properties": { "ISO2": "VC", "ISO3": "VCT", "ISONUM": 670, "NAMEen": "Saint Vincent and the Grenadines", "NAMEfr": "Saint-Vincent-et-les Grenadines", "Major_area": "America", "_1990": 3970, "_1995": 4135, "_2000": 4307, "_2005": 4395, "_2010": 4485, "_2015": 4577, "_2017": 4595 }, "geometry": { "type": "Point", "coordinates": [ -61.109179592938624, 13.197346115365946 ] } },
{ "type": "Feature", "properties": { "ISO2": "WS", "ISO3": "WSM", "ISONUM": 882, "NAMEen": "Samoa", "NAMEfr": "Samoa", "Major_area": "Oceania", "_1990": 3357, "_1995": 4694, "_2000": 5998, "_2005": 5746, "_2010": 5122, "_2015": 4929, "_2017": 4879 }, "geometry": { "type": "Point", "coordinates": [ -172.129387667280298, -13.75171130146795 ] } },
{ "type": "Feature", "properties": { "ISO2": "FR", "ISO3": "FRA", "ISONUM": 250, "NAMEen": "France", "NAMEfr": "France", "Major_area": "Europe", "_1990": 5897267, "_1995": 6087993, "_2000": 6278718, "_2005": 6737600, "_2010": 7196481, "_2015": 7918382, "_2017": 7902783 }, "geometry": { "type": "Point", "coordinates": [ 2.472098386805965, 46.615814809791061 ] } },
{ "type": "Feature", "properties": { "ISO2": "RU", "ISO3": "RUS", "ISONUM": 643, "NAMEen": "Russia", "NAMEfr": "Russie", "Major_area": "Europe", "_1990": 11524948, "_1995": 11928927, "_2000": 11900297, "_2005": 11667588, "_2010": 11194710, "_2015": 11643276, "_2017": 11651509 }, "geometry": { "type": "Point", "coordinates": [ 99.129310998107655, 61.666544213682158 ] } },
{ "type": "Feature", "properties": { "ISO2": "AF", "ISO3": "AFG", "ISONUM": 4, "NAMEen": "Afghanistan", "NAMEfr": "Afghanistan", "Major_area": "Asia", "_1990": 57686, "_1995": 71522, "_2000": 75917, "_2005": 87300, "_2010": 102246, "_2015": 489749, "_2017": 133612 }, "geometry": { "type": "Point", "coordinates": [ 66.008726259873029, 33.846032566859165 ] } },
{ "type": "Feature", "properties": { "ISO2": "AO", "ISO3": "AGO", "ISONUM": 24, "NAMEen": "Angola", "NAMEfr": "Angola", "Major_area": "Africa", "_1990": 33517, "_1995": 39813, "_2000": 46108, "_2005": 61329, "_2010": 76549, "_2015": 632178, "_2017": 638499 }, "geometry": { "type": "Point", "coordinates": [ 17.562834332777662, -12.339703165621263 ] } },
{ "type": "Feature", "properties": { "ISO2": "AL", "ISO3": "ALB", "ISONUM": 8, "NAMEen": "Albania", "NAMEfr": "Albanie", "Major_area": "Europe", "_1990": 66013, "_1995": 71354, "_2000": 76695, "_2005": 64739, "_2010": 52784, "_2015": 52031, "_2017": 52484 }, "geometry": { "type": "Point", "coordinates": [ 20.019160964756026, 41.154221376060065 ] } },
{ "type": "Feature", "properties": { "ISO2": "AE", "ISO3": "ARE", "ISONUM": 784, "NAMEen": "United Arab Emirates", "NAMEfr": "Émirats arabes unis", "Major_area": "Asia", "_1990": 1306574, "_1995": 1824118, "_2000": 2446675, "_2005": 3281036, "_2010": 7316611, "_2015": 7995126, "_2017": 8312524 }, "geometry": { "type": "Point", "coordinates": [ 54.335286129614353, 23.905266304416326 ] } },
{ "type": "Feature", "properties": { "ISO2": "AR", "ISO3": "ARG", "ISONUM": 32, "NAMEen": "Argentina", "NAMEfr": "Argentine", "Major_area": "America", "_1990": 1649919, "_1995": 1595069, "_2000": 1540219, "_2005": 1673088, "_2010": 1805957, "_2015": 2086302, "_2017": 2164524 }, "geometry": { "type": "Point", "coordinates": [ -65.190447720107812, -35.225540415082563 ] } },
{ "type": "Feature", "properties": { "ISO2": "AM", "ISO3": "ARM", "ISONUM": 51, "NAMEen": "Armenia", "NAMEfr": "Arménie", "Major_area": "Asia", "_1990": 658789, "_1995": 693999, "_2000": 657900, "_2005": 469119, "_2010": 221560, "_2015": 191199, "_2017": 190719 }, "geometry": { "type": "Point", "coordinates": [ 44.854161208599372, 40.321846489600652 ] } },
{ "type": "Feature", "properties": { "ISO2": "AQ", "ISO3": "ATA", "ISONUM": 10, "NAMEen": "Antarctica", "NAMEfr": "Antarctique", "Major_area": null, "_1990": null, "_1995": null, "_2000": null, "_2005": null, "_2010": null, "_2015": null, "_2017": null }, "geometry": { "type": "Point", "coordinates": [ 20.27456200222224, -80.559267244547385 ] } },
{ "type": "Feature", "properties": { "ISO2": "AU", "ISO3": "AUS", "ISONUM": 36, "NAMEen": "Australia", "NAMEfr": "Australie", "Major_area": "Oceania", "_1990": 3955213, "_1995": 4153330, "_2000": 4386250, "_2005": 4878030, "_2010": 5882980, "_2015": 6710540, "_2017": 7035560 }, "geometry": { "type": "Point", "coordinates": [ 134.35598052146608, -25.570308088085948 ] } },
{ "type": "Feature", "properties": { "ISO2": "AZ", "ISO3": "AZE", "ISONUM": 31, "NAMEen": "Azerbaijan", "NAMEfr": "Azerbaïdjan", "Major_area": "Asia", "_1990": 360600, "_1995": 344070, "_2000": 327540, "_2005": 302220, "_2010": 276901, "_2015": 264241, "_2017": 259241 }, "geometry": { "type": "Point", "coordinates": [ 47.667860686724232, 40.319085140108122 ] } },
{ "type": "Feature", "properties": { "ISO2": "BI", "ISO3": "BDI", "ISONUM": 108, "NAMEen": "Burundi", "NAMEfr": "Burundi", "Major_area": "Africa", "_1990": 333110, "_1995": 254853, "_2000": 125628, "_2005": 172874, "_2010": 235259, "_2015": 289810, "_2017": 299569 }, "geometry": { "type": "Point", "coordinates": [ 29.939565435321963, -3.260363180333605 ] } },
{ "type": "Feature", "properties": { "ISO2": "BJ", "ISO3": "BEN", "ISONUM": 204, "NAMEen": "Benin", "NAMEfr": "Bnin", "Major_area": "Africa", "_1990": 76212, "_1995": 104971, "_2000": 133730, "_2005": 171499, "_2010": 209267, "_2015": 245399, "_2017": 253284 }, "geometry": { "type": "Point", "coordinates": [ 2.328579541450398, 9.62803316937562 ] } },
{ "type": "Feature", "properties": { "ISO2": "BF", "ISO3": "BFA", "ISONUM": 854, "NAMEen": "Burkina Faso", "NAMEfr": "Burkina Faso", "Major_area": "Africa", "_1990": 349657, "_1995": 434848, "_2000": 520039, "_2005": 596972, "_2010": 673904, "_2015": 704676, "_2017": 708921 }, "geometry": { "type": "Point", "coordinates": [ -1.77579457519863, 12.245689370175922 ] } },
{ "type": "Feature", "properties": { "ISO2": "BD", "ISO3": "BGD", "ISONUM": 50, "NAMEen": "Bangladesh", "NAMEfr": "Bangladesh", "Major_area": "Asia", "_1990": 881617, "_1995": 934735, "_2000": 987853, "_2005": 1166700, "_2010": 1345546, "_2015": 1422805, "_2017": 1500921 }, "geometry": { "type": "Point", "coordinates": [ 90.217053147988182, 23.88139645339556 ] } },
{ "type": "Feature", "properties": { "ISO2": "BG", "ISO3": "BGR", "ISONUM": 100, "NAMEen": "Bulgaria", "NAMEfr": "Bulgarie", "Major_area": "Europe", "_1990": 21510, "_1995": 32435, "_2000": 43360, "_2005": 61074, "_2010": 76287, "_2015": 133803, "_2017": 153803 }, "geometry": { "type": "Point", "coordinates": [ 25.243778800124105, 42.778211422113372 ] } },
{ "type": "Feature", "properties": { "ISO2": "BA", "ISO3": "BIH", "ISONUM": 70, "NAMEen": "Bosnia and Herzegovina", "NAMEfr": "Bosnie-Herzégovine", "Major_area": "Europe", "_1990": 56000, "_1995": 69476, "_2000": 82952, "_2005": 47272, "_2010": 38792, "_2015": 38574, "_2017": 37100 }, "geometry": { "type": "Point", "coordinates": [ 17.825443455055982, 44.121904859838907 ] } },
{ "type": "Feature", "properties": { "ISO2": "BY", "ISO3": "BLR", "ISONUM": 112, "NAMEen": "Belarus", "NAMEfr": "Biélorussie", "Major_area": "Europe", "_1990": 1248977, "_1995": 1186282, "_2000": 1123586, "_2005": 1106982, "_2010": 1090378, "_2015": 1082905, "_2017": 1078652 }, "geometry": { "type": "Point", "coordinates": [ 27.966399474601854, 53.530901597391271 ] } },
{ "type": "Feature", "properties": { "ISO2": "BZ", "ISO3": "BLZ", "ISONUM": 84, "NAMEen": "Belize", "NAMEfr": "Belize", "Major_area": "America", "_1990": 30404, "_1995": 33446, "_2000": 36488, "_2005": 41424, "_2010": 46360, "_2015": 54674, "_2017": 59998 }, "geometry": { "type": "Point", "coordinates": [ -88.715164630138247, 17.138889772900235 ] } },
{ "type": "Feature", "properties": { "ISO2": "BO", "ISO3": "BOL", "ISONUM": 68, "NAMEen": "Bolivia", "NAMEfr": "Bolivie", "Major_area": "America", "_1990": 73758, "_1995": 83598, "_2000": 92658, "_2005": 107745, "_2010": 122846, "_2015": 142989, "_2017": 148837 }, "geometry": { "type": "Point", "coordinates": [ -64.668897375830639, -16.717932855651984 ] } },
{ "type": "Feature", "properties": { "ISO2": "BR", "ISO3": "BRA", "ISONUM": 76, "NAMEen": "Brazil", "NAMEfr": "Brésil", "Major_area": "America", "_1990": 798517, "_1995": 741557, "_2000": 684596, "_2005": 638582, "_2010": 592568, "_2015": 716568, "_2017": 735557 }, "geometry": { "type": "Point", "coordinates": [ -53.097983745145747, -10.784846862572648 ] } },
{ "type": "Feature", "properties": { "ISO2": "BN", "ISO3": "BRN", "ISONUM": 96, "NAMEen": "Brunei", "NAMEfr": "Brunei", "Major_area": "Asia", "_1990": 73200, "_1995": 84748, "_2000": 96296, "_2005": 98441, "_2010": 100587, "_2015": 102733, "_2017": 108612 }, "geometry": { "type": "Point", "coordinates": [ 114.796544535708932, 4.54383016497741 ] } },
{ "type": "Feature", "properties": { "ISO2": "BT", "ISO3": "BTN", "ISONUM": 64, "NAMEen": "Bhutan", "NAMEfr": "Bhoutan", "Major_area": "Asia", "_1990": 23807, "_1995": 27972, "_2000": 32137, "_2005": 40279, "_2010": 48420, "_2015": 51106, "_2017": 52296 }, "geometry": { "type": "Point", "coordinates": [ 90.390368271325016, 27.410758696100892 ] } },
{ "type": "Feature", "properties": { "ISO2": "BW", "ISO3": "BWA", "ISONUM": 72, "NAMEen": "Botswana", "NAMEfr": "Botswana", "Major_area": "Africa", "_1990": 27510, "_1995": 40168, "_2000": 57064, "_2005": 88829, "_2010": 120912, "_2015": 160644, "_2017": 166430 }, "geometry": { "type": "Point", "coordinates": [ 23.786259025835772, -22.185313012368024 ] } },
{ "type": "Feature", "properties": { "ISO2": "CF", "ISO3": "CAF", "ISONUM": 140, "NAMEen": "Central African Republic", "NAMEfr": "Centrafrique", "Major_area": "Africa", "_1990": 67234, "_1995": 99712, "_2000": 123529, "_2005": 94449, "_2010": 93466, "_2015": 81598, "_2017": 88774 }, "geometry": { "type": "Point", "coordinates": [ 20.464149283346938, 6.554655734500663 ] } },
{ "type": "Feature", "properties": { "ISO2": "CL", "ISO3": "CHL", "ISONUM": 152, "NAMEen": "Chile", "NAMEfr": "Chili", "Major_area": "America", "_1990": 107501, "_1995": 142417, "_2000": 177332, "_2005": 273384, "_2010": 369436, "_2015": 469436, "_2017": 488571 }, "geometry": { "type": "Point", "coordinates": [ -71.472395425507656, -36.477652422701979 ] } },
{ "type": "Feature", "properties": { "ISO2": "CI", "ISO3": "CIV", "ISONUM": 384, "NAMEen": "Ivory Coast", "NAMEfr": "Côte d'Ivoire", "Major_area": "Africa", "_1990": 1816426, "_1995": 2076394, "_2000": 1994135, "_2005": 2010824, "_2010": 2095185, "_2015": 2175399, "_2017": 2197152 }, "geometry": { "type": "Point", "coordinates": [ -5.563264695415014, 7.594905785933287 ] } },
{ "type": "Feature", "properties": { "ISO2": "CM", "ISO3": "CMR", "ISONUM": 120, "NAMEen": "Cameroon", "NAMEfr": "Cameroun", "Major_area": "Africa", "_1990": 265344, "_1995": 246864, "_2000": 228383, "_2005": 258737, "_2010": 289091, "_2015": 508357, "_2017": 540266 }, "geometry": { "type": "Point", "coordinates": [ 12.747506827686221, 5.670105188146292 ] } },
{ "type": "Feature", "properties": { "ISO2": "CD", "ISO3": "COD", "ISONUM": 180, "NAMEen": "Congo-Kinshasa", "NAMEfr": "Congo-Kinshasa", "Major_area": "Africa", "_1990": 754194, "_1995": 1816963, "_2000": 744387, "_2005": 622869, "_2010": 588950, "_2015": 824492, "_2017": 879223 }, "geometry": { "type": "Point", "coordinates": [ 23.597005381644109, -2.867027553215638 ] } },
{ "type": "Feature", "properties": { "ISO2": "CG", "ISO3": "COG", "ISONUM": 178, "NAMEen": "Congo-Brazzaville", "NAMEfr": "Congo-Brazzaville", "Major_area": "Africa", "_1990": 129597, "_1995": 191635, "_2000": 305002, "_2005": 315238, "_2010": 419649, "_2015": 392996, "_2017": 398890 }, "geometry": { "type": "Point", "coordinates": [ 15.244346090862363, -0.828313030562072 ] } },
{ "type": "Feature", "properties": { "ISO2": "CO", "ISO3": "COL", "ISONUM": 170, "NAMEen": "Colombia", "NAMEfr": "Colombie", "Major_area": "America", "_1990": 104277, "_1995": 106943, "_2000": 109609, "_2005": 107612, "_2010": 124271, "_2015": 139134, "_2017": 142319 }, "geometry": { "type": "Point", "coordinates": [ -73.05525360586833, 3.92060836325107 ] } },
{ "type": "Feature", "properties": { "ISO2": "CR", "ISO3": "CRI", "ISONUM": 188, "NAMEen": "Costa Rica", "NAMEfr": "Costa Rica", "Major_area": "America", "_1990": 417628, "_1995": 364287, "_2000": 310946, "_2005": 358175, "_2010": 405404, "_2015": 411697, "_2017": 414214 }, "geometry": { "type": "Point", "coordinates": [ -84.123139948956336, 9.940826303320568 ] } },
{ "type": "Feature", "properties": { "ISO2": "CU", "ISO3": "CUB", "ISONUM": 192, "NAMEen": "Cuba", "NAMEfr": "Cuba", "Major_area": "America", "_1990": 34555, "_1995": 26187, "_2000": 17818, "_2005": 17023, "_2010": 14818, "_2015": 13336, "_2017": 13136 }, "geometry": { "type": "Point", "coordinates": [ -78.930643457772021, 21.601640708936568 ] } },
{ "type": "Feature", "properties": { "ISO2": "CY", "ISO3": "CYP", "ISONUM": 196, "NAMEen": "Cyprus", "NAMEfr": "Chypre", "Major_area": "Asia", "_1990": 43805, "_1995": 61941, "_2000": 80076, "_2005": 117165, "_2010": 188472, "_2015": 192020, "_2017": 188973 }, "geometry": { "type": "Point", "coordinates": [ 33.29773324227974, 35.036768928307417 ] } },
{ "type": "Feature", "properties": { "ISO2": "CZ", "ISO3": "CZE", "ISONUM": 203, "NAMEen": "Czechia", "NAMEfr": "Tchéquie", "Major_area": "Europe", "_1990": 110394, "_1995": 165592, "_2000": 220789, "_2005": 322540, "_2010": 398493, "_2015": 416454, "_2017": 433290 }, "geometry": { "type": "Point", "coordinates": [ 15.444328249447118, 49.687612740670573 ] } },
{ "type": "Feature", "properties": { "ISO2": "DJ", "ISO3": "DJI", "ISONUM": 262, "NAMEen": "Djibouti", "NAMEfr": "Djibouti", "Major_area": "Africa", "_1990": 122221, "_1995": 99774, "_2000": 100507, "_2005": 92091, "_2010": 101575, "_2015": 112351, "_2017": 116089 }, "geometry": { "type": "Point", "coordinates": [ 42.605416977168737, 11.76549693373692 ] } },
{ "type": "Feature", "properties": { "ISO2": "DO", "ISO3": "DOM", "ISONUM": 214, "NAMEen": "Dominican Republic", "NAMEfr": "République dominicaine", "Major_area": "America", "_1990": 291151, "_1995": 323381, "_2000": 355611, "_2005": 376001, "_2010": 393720, "_2015": 415564, "_2017": 424964 }, "geometry": { "type": "Point", "coordinates": [ -70.648699719868546, 18.903621776272121 ] } },
{ "type": "Feature", "properties": { "ISO2": "DZ", "ISO3": "DZA", "ISONUM": 12, "NAMEen": "Algeria", "NAMEfr": "Algérie", "Major_area": "Africa", "_1990": 273954, "_1995": 262032, "_2000": 250110, "_2005": 197422, "_2010": 216964, "_2015": 239473, "_2017": 248624 }, "geometry": { "type": "Point", "coordinates": [ 2.65334581033583, 28.165803362548338 ] } },
{ "type": "Feature", "properties": { "ISO2": "EC", "ISO3": "ECU", "ISONUM": 218, "NAMEen": "Ecuador", "NAMEfr": "Équateur", "Major_area": "America", "_1990": 78663, "_1995": 115093, "_2000": 151523, "_2005": 187404, "_2010": 325366, "_2015": 387513, "_2017": 399068 }, "geometry": { "type": "Point", "coordinates": [ -78.396883151997713, -1.429910153669879 ] } },
{ "type": "Feature", "properties": { "ISO2": "EG", "ISO3": "EGY", "ISONUM": 818, "NAMEen": "Egypt", "NAMEfr": "Égypte", "Major_area": "Africa", "_1990": 173708, "_1995": 166955, "_2000": 173452, "_2005": 274001, "_2010": 295714, "_2015": 565931, "_2017": 478310 }, "geometry": { "type": "Point", "coordinates": [ 29.856606782242373, 26.506196089611603 ] } },
{ "type": "Feature", "properties": { "ISO2": "ER", "ISO3": "ERI", "ISONUM": 232, "NAMEen": "Eritrea", "NAMEfr": "Érythrée", "Major_area": "Africa", "_1990": 11848, "_1995": 12400, "_2000": 12952, "_2005": 14314, "_2010": 15676, "_2015": 15941, "_2017": 16041 }, "geometry": { "type": "Point", "coordinates": [ 38.822612602219749, 15.341401289791511 ] } },
{ "type": "Feature", "properties": { "ISO2": "EE", "ISO3": "EST", "ISONUM": 233, "NAMEen": "Estonia", "NAMEfr": "Estonie", "Major_area": "Europe", "_1990": 381997, "_1995": 315755, "_2000": 249512, "_2005": 233701, "_2010": 217890, "_2015": 194664, "_2017": 192962 }, "geometry": { "type": "Point", "coordinates": [ 25.74364185116719, 58.724158117436318 ] } },
{ "type": "Feature", "properties": { "ISO2": "ET", "ISO3": "ETH", "ISONUM": 231, "NAMEen": "Ethiopia", "NAMEfr": "Éthiopie", "Major_area": "Africa", "_1990": 1155390, "_1995": 806904, "_2000": 611384, "_2005": 514242, "_2010": 567720, "_2015": 1162576, "_2017": 1227143 }, "geometry": { "type": "Point", "coordinates": [ 39.610395766250612, 8.631695156208037 ] } },
{ "type": "Feature", "properties": { "ISO2": "FI", "ISO3": "FIN", "ISONUM": 246, "NAMEen": "Finland", "NAMEfr": "Finlande", "Major_area": "Europe", "_1990": 63255, "_1995": 99729, "_2000": 136203, "_2005": 192169, "_2010": 248135, "_2015": 314856, "_2017": 343582 }, "geometry": { "type": "Point", "coordinates": [ 26.239141586366461, 64.533498503899764 ] } },
{ "type": "Feature", "properties": { "ISO2": "FJ", "ISO3": "FJI", "ISONUM": 242, "NAMEen": "Fiji", "NAMEfr": "Fidji", "Major_area": "Oceania", "_1990": 13283, "_1995": 13001, "_2000": 12719, "_2005": 12435, "_2010": 13351, "_2015": 13751, "_2017": 13911 }, "geometry": { "type": "Point", "coordinates": [ 177.986760089737146, -17.863232147799057 ] } },
{ "type": "Feature", "properties": { "ISO2": "FK", "ISO3": "FLK", "ISONUM": 238, "NAMEen": "Falkland Islands", "NAMEfr": "Îles Falkland", "Major_area": "America", "_1990": 855, "_1995": 868, "_2000": 1067, "_2005": 1166, "_2010": 1436, "_2015": 1571, "_2017": 1579 }, "geometry": { "type": "Point", "coordinates": [ -58.68453174842486, -51.763932743340298 ] } },
{ "type": "Feature", "properties": { "ISO2": "GA", "ISO3": "GAB", "ISONUM": 266, "NAMEen": "Gabon", "NAMEfr": "Gabon", "Major_area": "Africa", "_1990": 127980, "_1995": 152972, "_2000": 195571, "_2005": 214123, "_2010": 243992, "_2015": 268384, "_2017": 280197 }, "geometry": { "type": "Point", "coordinates": [ 11.773016902595176, -0.649548105988854 ] } },
{ "type": "Feature", "properties": { "ISO2": "GB", "ISO3": "GBR", "ISONUM": 826, "NAMEen": "United Kingdom", "NAMEfr": "Grande-Bretagne", "Major_area": "Europe", "_1990": 3650286, "_1995": 4155293, "_2000": 4730165, "_2005": 5926156, "_2010": 7604583, "_2015": 8411021, "_2017": 8841717 }, "geometry": { "type": "Point", "coordinates": [ -2.602450513592607, 53.989363799496346 ] } },
{ "type": "Feature", "properties": { "ISO2": "GE", "ISO3": "GEO", "ISONUM": 268, "NAMEen": "Georgia", "NAMEfr": "Géorgie", "Major_area": "Asia", "_1990": 304470, "_1995": 152235, "_2000": 76117, "_2005": 72311, "_2010": 73034, "_2015": 76685, "_2017": 78218 }, "geometry": { "type": "Point", "coordinates": [ 43.497511471764248, 42.162863017685972 ] } },
{ "type": "Feature", "properties": { "ISO2": "GH", "ISO3": "GHA", "ISONUM": 288, "NAMEen": "Ghana", "NAMEfr": "Ghana", "Major_area": "Africa", "_1990": 164851, "_1995": 252879, "_2000": 191601, "_2005": 304436, "_2010": 337017, "_2015": 399471, "_2017": 417642 }, "geometry": { "type": "Point", "coordinates": [ -1.220473761518696, 7.915654087582677 ] } },
{ "type": "Feature", "properties": { "ISO2": "GN", "ISO3": "GIN", "ISONUM": 324, "NAMEen": "Guinea", "NAMEfr": "Guinée", "Major_area": "Africa", "_1990": 403621, "_1995": 774505, "_2000": 560075, "_2005": 229611, "_2010": 177998, "_2015": 126386, "_2017": 122796 }, "geometry": { "type": "Point", "coordinates": [ -10.897955965966057, 10.454378823032743 ] } },
{ "type": "Feature", "properties": { "ISO2": "GM", "ISO3": "GMB", "ISONUM": 270, "NAMEen": "The Gambia", "NAMEfr": "Gambie", "Major_area": "Africa", "_1990": 118123, "_1995": 150890, "_2000": 182514, "_2005": 181905, "_2010": 185763, "_2015": 192540, "_2017": 205063 }, "geometry": { "type": "Point", "coordinates": [ -15.573815037161642, 13.4840554479005 ] } },
{ "type": "Feature", "properties": { "ISO2": "GW", "ISO3": "GNB", "ISONUM": 624, "NAMEen": "Guinea-Bissau", "NAMEfr": "Guinée-Bissau", "Major_area": "Africa", "_1990": 15368, "_1995": 27961, "_2000": 20450, "_2005": 20736, "_2010": 21061, "_2015": 22333, "_2017": 23405 }, "geometry": { "type": "Point", "coordinates": [ -14.956351098973389, 12.07911801251495 ] } },
{ "type": "Feature", "properties": { "ISO2": "GR", "ISO3": "GRC", "ISONUM": 300, "NAMEen": "Greece", "NAMEfr": "Grèce", "Major_area": "Europe", "_1990": 618139, "_1995": 857850, "_2000": 1111665, "_2005": 1190707, "_2010": 1321149, "_2015": 1242924, "_2017": 1220395 }, "geometry": { "type": "Point", "coordinates": [ 22.542027248762064, 39.417691259925199 ] } },
{ "type": "Feature", "properties": { "ISO2": "GL", "ISO3": "GRL", "ISONUM": 304, "NAMEen": "Greenland", "NAMEfr": "Groenland", "Major_area": "America", "_1990": 9416, "_1995": 7320, "_2000": 6755, "_2005": 6686, "_2010": 6226, "_2015": 6009, "_2017": 6014 }, "geometry": { "type": "Point", "coordinates": [ -41.462121249536295, 74.662944540197373 ] } },
{ "type": "Feature", "properties": { "ISO2": "GT", "ISO3": "GTM", "ISONUM": 320, "NAMEen": "Guatemala", "NAMEfr": "Guatemala", "Major_area": "America", "_1990": 264257, "_1995": 156188, "_2000": 48119, "_2005": 57252, "_2010": 66384, "_2015": 78352, "_2017": 81528 }, "geometry": { "type": "Point", "coordinates": [ -90.376661068278679, 15.692192389463806 ] } },
{ "type": "Feature", "properties": { "ISO2": "GY", "ISO3": "GUY", "ISONUM": 328, "NAMEen": "Guyana", "NAMEfr": "Guyana", "Major_area": "America", "_1990": 4095, "_1995": 6352, "_2000": 8610, "_2005": 10868, "_2010": 13126, "_2015": 15384, "_2017": 15530 }, "geometry": { "type": "Point", "coordinates": [ -58.987576728690925, 4.845011746194594 ] } },
{ "type": "Feature", "properties": { "ISO2": "HN", "ISO3": "HND", "ISONUM": 340, "NAMEen": "Honduras", "NAMEfr": "Honduras", "Major_area": "America", "_1990": 270423, "_1995": 149442, "_2000": 28461, "_2005": 27875, "_2010": 27288, "_2015": 38317, "_2017": 38700 }, "geometry": { "type": "Point", "coordinates": [ -86.648606827992893, 14.797418462128554 ] } },
{ "type": "Feature", "properties": { "ISO2": "HR", "ISO3": "HRV", "ISONUM": 191, "NAMEen": "Croatia", "NAMEfr": "Croatie", "Major_area": "Europe", "_1990": 475438, "_1995": 674085, "_2000": 585298, "_2005": 579273, "_2010": 573248, "_2015": 575738, "_2017": 560483 }, "geometry": { "type": "Point", "coordinates": [ 16.400796579665599, 45.139297069736763 ] } },
{ "type": "Feature", "properties": { "ISO2": "HT", "ISO3": "HTI", "ISONUM": 332, "NAMEen": "Haiti", "NAMEfr": "Haïti", "Major_area": "America", "_1990": 19084, "_1995": 22458, "_2000": 25832, "_2005": 30468, "_2010": 35104, "_2015": 39529, "_2017": 40533 }, "geometry": { "type": "Point", "coordinates": [ -72.566743065681322, 18.969964794331247 ] } },
{ "type": "Feature", "properties": { "ISO2": "HU", "ISO3": "HUN", "ISONUM": 348, "NAMEen": "Hungary", "NAMEfr": "Hongrie", "Major_area": "Europe", "_1990": 347510, "_1995": 322234, "_2000": 296957, "_2005": 366787, "_2010": 436616, "_2015": 475508, "_2017": 503787 }, "geometry": { "type": "Point", "coordinates": [ 19.392255292433408, 47.162371392405838 ] } },
{ "type": "Feature", "properties": { "ISO2": "ID", "ISO3": "IDN", "ISONUM": 360, "NAMEen": "Indonesia", "NAMEfr": "Indonésie", "Major_area": "Asia", "_1990": 465612, "_1995": 378960, "_2000": 292307, "_2005": 289568, "_2010": 305416, "_2015": 338124, "_2017": 345930 }, "geometry": { "type": "Point", "coordinates": [ 101.567212550840125, -0.483301756372734 ] } },
{ "type": "Feature", "properties": { "ISO2": "IN", "ISO3": "IND", "ISONUM": 356, "NAMEen": "India", "NAMEfr": "Inde", "Major_area": "Asia", "_1990": 7493204, "_1995": 6952238, "_2000": 6411272, "_2005": 5923642, "_2010": 5436012, "_2015": 5240960, "_2017": 5188550 }, "geometry": { "type": "Point", "coordinates": [ 79.611978040413533, 22.923894711891329 ] } },
{ "type": "Feature", "properties": { "ISO2": "IE", "ISO3": "IRL", "ISONUM": 372, "NAMEen": "Ireland", "NAMEfr": "Irlande", "Major_area": "Europe", "_1990": 227961, "_1995": 226892, "_2000": 350552, "_2005": 589046, "_2010": 730542, "_2015": 749943, "_2017": 806549 }, "geometry": { "type": "Point", "coordinates": [ -8.164550612800618, 53.134254989164944 ] } },
{ "type": "Feature", "properties": { "ISO2": "IR", "ISO3": "IRN", "ISONUM": 364, "NAMEen": "Iran", "NAMEfr": "Iran", "Major_area": "Asia", "_1990": 4291601, "_1995": 2937668, "_2000": 2803805, "_2005": 2568930, "_2010": 2761561, "_2015": 2726420, "_2017": 2699155 }, "geometry": { "type": "Point", "coordinates": [ 54.25469899445617, 32.577895158851938 ] } },
{ "type": "Feature", "properties": { "ISO2": "IQ", "ISO3": "IRQ", "ISONUM": 368, "NAMEen": "Iraq", "NAMEfr": "Irak", "Major_area": "Asia", "_1990": 83638, "_1995": 199460, "_2000": 210525, "_2005": 132915, "_2010": 117389, "_2015": 359381, "_2017": 366568 }, "geometry": { "type": "Point", "coordinates": [ 43.730328981548233, 33.0493109198121 ] } },
{ "type": "Feature", "properties": { "ISO2": "IS", "ISO3": "ISL", "ISONUM": 352, "NAMEen": "Iceland", "NAMEfr": "Islande", "Major_area": "Europe", "_1990": 9584, "_1995": 12738, "_2000": 15892, "_2005": 25492, "_2010": 35091, "_2015": 39072, "_2017": 41853 }, "geometry": { "type": "Point", "coordinates": [ -18.684405692174931, 65.118689956509513 ] } },
{ "type": "Feature", "properties": { "ISO2": "IL", "ISO3": "ISR", "ISONUM": 376, "NAMEen": "Israel", "NAMEfr": "Israël", "Major_area": "Asia", "_1990": 1632704, "_1995": 1792185, "_2000": 1851309, "_2005": 1889503, "_2010": 1950615, "_2015": 2011727, "_2017": 1962123 }, "geometry": { "type": "Point", "coordinates": [ 35.012414724427913, 31.515809301932087 ] } },
{ "type": "Feature", "properties": { "ISO2": "JM", "ISO3": "JAM", "ISONUM": 388, "NAMEen": "Jamaica", "NAMEfr": "Jamaïque", "Major_area": "America", "_1990": 20475, "_1995": 22713, "_2000": 24952, "_2005": 24314, "_2010": 23677, "_2015": 23167, "_2017": 23332 }, "geometry": { "type": "Point", "coordinates": [ -76.802250393383986, 18.106850176523224 ] } },
{ "type": "Feature", "properties": { "ISO2": "JO", "ISO3": "JOR", "ISONUM": 400, "NAMEen": "Jordan", "NAMEfr": "Jordanie", "Major_area": "Asia", "_1990": 1146349, "_1995": 1537097, "_2000": 1927845, "_2005": 2325414, "_2010": 2722983, "_2015": 3112026, "_2017": 3233553 }, "geometry": { "type": "Point", "coordinates": [ 36.756834201897838, 31.25951140807771 ] } },
{ "type": "Feature", "properties": { "ISO2": "JP", "ISO3": "JPN", "ISONUM": 392, "NAMEen": "Japan", "NAMEfr": "Japon", "Major_area": "Asia", "_1990": 1075626, "_1995": 1381097, "_2000": 1686567, "_2005": 2012916, "_2010": 2134151, "_2015": 2232189, "_2017": 2321476 }, "geometry": { "type": "Point", "coordinates": [ 137.959703927617653, 36.670837632777982 ] } },
{ "type": "Feature", "properties": { "ISO2": "KZ", "ISO3": "KAZ", "ISONUM": 398, "NAMEen": "Kazakhstan", "NAMEfr": "Kazakhstan", "Major_area": "Asia", "_1990": 3619200, "_1995": 3245250, "_2000": 2871300, "_2005": 3102962, "_2010": 3334623, "_2015": 3546778, "_2017": 3635168 }, "geometry": { "type": "Point", "coordinates": [ 67.219705153170537, 48.150310927183945 ] } },
{ "type": "Feature", "properties": { "ISO2": "KE", "ISO3": "KEN", "ISONUM": 404, "NAMEen": "Kenya", "NAMEfr": "Kenya", "Major_area": "Africa", "_1990": 297292, "_1995": 618745, "_2000": 699139, "_2005": 756894, "_2010": 926959, "_2015": 1084357, "_2017": 1078572 }, "geometry": { "type": "Point", "coordinates": [ 37.851698220206814, 0.565967155157264 ] } },
{ "type": "Feature", "properties": { "ISO2": "KG", "ISO3": "KGZ", "ISONUM": 417, "NAMEen": "Kyrgyzstan", "NAMEfr": "Kirghizistan", "Major_area": "Asia", "_1990": 623083, "_1995": 510296, "_2000": 389558, "_2005": 312897, "_2010": 231511, "_2015": 204382, "_2017": 200294 }, "geometry": { "type": "Point", "coordinates": [ 74.449816244369629, 41.399070844091547 ] } },
{ "type": "Feature", "properties": { "ISO2": "KH", "ISO3": "KHM", "ISONUM": 116, "NAMEen": "Cambodia", "NAMEfr": "Cambodge", "Major_area": "Asia", "_1990": 38375, "_1995": 92230, "_2000": 146085, "_2005": 114031, "_2010": 81977, "_2015": 73963, "_2017": 76329 }, "geometry": { "type": "Point", "coordinates": [ 104.925092712256017, 12.723265291129959 ] } },
{ "type": "Feature", "properties": { "ISO2": "KR", "ISO3": "KOR", "ISONUM": 410, "NAMEen": "South Korea", "NAMEfr": "Corée du Sud", "Major_area": "Asia", "_1990": 43017, "_1995": 123886, "_2000": 244178, "_2005": 485546, "_2010": 919275, "_2015": 1143087, "_2017": 1151865 }, "geometry": { "type": "Point", "coordinates": [ 127.880718054251602, 36.426312631563675 ] } },
{ "type": "Feature", "properties": { "ISO2": "XK", "ISO3": "KOS", "ISONUM": null, "NAMEen": "Kosovo", "NAMEfr": "Kosovo", "Major_area": null, "_1990": null, "_1995": null, "_2000": null, "_2005": null, "_2010": null, "_2015": null, "_2017": null }, "geometry": { "type": "Point", "coordinates": [ 20.896712930434028, 42.544494110340842 ] } },
{ "type": "Feature", "properties": { "ISO2": "KW", "ISO3": "KWT", "ISONUM": 414, "NAMEen": "Kuwait", "NAMEfr": "Koweït", "Major_area": "Asia", "_1990": 1074391, "_1995": 921954, "_2000": 1127640, "_2005": 1333327, "_2010": 1871537, "_2015": 2866136, "_2017": 3123431 }, "geometry": { "type": "Point", "coordinates": [ 47.580815320458029, 29.287880420778848 ] } },
{ "type": "Feature", "properties": { "ISO2": "LA", "ISO3": "LAO", "ISONUM": 418, "NAMEen": "Laos", "NAMEfr": "Laos", "Major_area": "Asia", "_1990": 22866, "_1995": 23526, "_2000": 21948, "_2005": 20371, "_2010": 32473, "_2015": 44575, "_2017": 45466 }, "geometry": { "type": "Point", "coordinates": [ 103.763236130331819, 18.476485033980218 ] } },
{ "type": "Feature", "properties": { "ISO2": "LB", "ISO3": "LBN", "ISONUM": 422, "NAMEen": "Lebanon", "NAMEfr": "Liban", "Major_area": "Asia", "_1990": 523693, "_1995": 608303, "_2000": 692913, "_2005": 756784, "_2010": 820655, "_2015": 1973204, "_2017": 1939212 }, "geometry": { "type": "Point", "coordinates": [ 35.980824457989662, 33.994496182494252 ] } },
{ "type": "Feature", "properties": { "ISO2": "LR", "ISO3": "LBR", "ISONUM": 430, "NAMEen": "Liberia", "NAMEfr": "Libéria", "Major_area": "Africa", "_1990": 94964, "_1995": 208563, "_2000": 151868, "_2005": 87188, "_2010": 99129, "_2015": 113779, "_2017": 98630 }, "geometry": { "type": "Point", "coordinates": [ -9.322507540751895, 6.441309534325249 ] } },
{ "type": "Feature", "properties": { "ISO2": "LY", "ISO3": "LBY", "ISONUM": 434, "NAMEen": "Libya", "NAMEfr": "Libye", "Major_area": "Africa", "_1990": 457075, "_1995": 508041, "_2000": 567436, "_2005": 625212, "_2010": 683998, "_2015": 771146, "_2017": 788419 }, "geometry": { "type": "Point", "coordinates": [ 18.015032031148984, 27.030139409433602 ] } },
{ "type": "Feature", "properties": { "ISO2": "LK", "ISO3": "LKA", "ISONUM": 144, "NAMEen": "Sri Lanka", "NAMEfr": "Sri Lanka", "Major_area": "Asia", "_1990": 41561, "_1995": 40841, "_2000": 40132, "_2005": 39526, "_2010": 38959, "_2015": 39706, "_2017": 40018 }, "geometry": { "type": "Point", "coordinates": [ 80.669441024448261, 7.724585194690634 ] } },
{ "type": "Feature", "properties": { "ISO2": "LS", "ISO3": "LSO", "ISONUM": 426, "NAMEen": "Lesotho", "NAMEfr": "Lesotho", "Major_area": "Africa", "_1990": 8240, "_1995": 7204, "_2000": 6167, "_2005": 6290, "_2010": 6414, "_2015": 6572, "_2017": 6749 }, "geometry": { "type": "Point", "coordinates": [ 28.227317374183219, -29.583963854929799 ] } },
{ "type": "Feature", "properties": { "ISO2": "LT", "ISO3": "LTU", "ISONUM": 440, "NAMEen": "Lithuania", "NAMEfr": "Lituanie", "Major_area": "Europe", "_1990": 349258, "_1995": 273587, "_2000": 214311, "_2005": 201209, "_2010": 160772, "_2015": 136021, "_2017": 124706 }, "geometry": { "type": "Point", "coordinates": [ 23.837147028646019, 55.340058102355812 ] } },
{ "type": "Feature", "properties": { "ISO2": "LV", "ISO3": "LVA", "ISONUM": 428, "NAMEen": "Latvia", "NAMEfr": "Lettonie", "Major_area": "Europe", "_1990": 646007, "_1995": 538093, "_2000": 430178, "_2005": 376725, "_2010": 313786, "_2015": 265418, "_2017": 256889 }, "geometry": { "type": "Point", "coordinates": [ 24.88432574819414, 56.898519295487731 ] } },
{ "type": "Feature", "properties": { "ISO2": "MA", "ISO3": "MAR", "ISONUM": 504, "NAMEen": "Morocco", "NAMEfr": "Maroc", "Major_area": "Africa", "_1990": 54895, "_1995": 50360, "_2000": 53034, "_2005": 54379, "_2010": 70909, "_2015": 92424, "_2017": 95835 }, "geometry": { "type": "Point", "coordinates": [ -6.218118416602364, 31.943832573572852 ] } },
{ "type": "Feature", "properties": { "ISO2": "MD", "ISO3": "MDA", "ISONUM": 498, "NAMEen": "Moldova", "NAMEfr": "Moldavie", "Major_area": "Europe", "_1990": 544162, "_1995": 367231, "_2000": 247828, "_2005": 173957, "_2010": 157668, "_2015": 142904, "_2017": 140045 }, "geometry": { "type": "Point", "coordinates": [ 28.455657562030659, 47.256090665584537 ] } },
{ "type": "Feature", "properties": { "ISO2": "MG", "ISO3": "MDG", "ISONUM": 450, "NAMEen": "Madagascar", "NAMEfr": "Madagascar", "Major_area": "Africa", "_1990": 23917, "_1995": 21177, "_2000": 23541, "_2005": 26058, "_2010": 28905, "_2015": 32075, "_2017": 33844 }, "geometry": { "type": "Point", "coordinates": [ 46.716740482954613, -19.359736510078758 ] } },
{ "type": "Feature", "properties": { "ISO2": "MX", "ISO3": "MEX", "ISONUM": 484, "NAMEen": "Mexico", "NAMEfr": "Mexique", "Major_area": "America", "_1990": 695674, "_1995": 458549, "_2000": 538051, "_2005": 712487, "_2010": 969538, "_2015": 1193155, "_2017": 1224169 }, "geometry": { "type": "Point", "coordinates": [ -102.518055084141437, 23.959825306480738 ] } },
{ "type": "Feature", "properties": { "ISO2": "MK", "ISO3": "MKD", "ISONUM": 807, "NAMEen": "Macedonia", "NAMEfr": "Macédoine", "Major_area": "Europe", "_1990": 95142, "_1995": 109343, "_2000": 125665, "_2005": 127667, "_2010": 129701, "_2015": 130730, "_2017": 130972 }, "geometry": { "type": "Point", "coordinates": [ 21.692938173436414, 41.604368184653794 ] } },
{ "type": "Feature", "properties": { "ISO2": "ML", "ISO3": "MLI", "ISONUM": 466, "NAMEen": "Mali", "NAMEfr": "Mali", "Major_area": "Africa", "_1990": 160736, "_1995": 176187, "_2000": 189475, "_2005": 256797, "_2010": 336607, "_2015": 365145, "_2017": 383721 }, "geometry": { "type": "Point", "coordinates": [ -3.529408601910075, 17.350563808460514 ] } },
{ "type": "Feature", "properties": { "ISO2": "MM", "ISO3": "MMR", "ISONUM": 104, "NAMEen": "Myanmar", "NAMEfr": "Myanmar", "Major_area": "Asia", "_1990": 133545, "_1995": 113663, "_2000": 98011, "_2005": 83025, "_2010": 76414, "_2015": 73308, "_2017": 74660 }, "geometry": { "type": "Point", "coordinates": [ 96.490847918225441, 21.225084070096301 ] } },
{ "type": "Feature", "properties": { "ISO2": "ME", "ISO3": "MNE", "ISONUM": 499, "NAMEen": "Montenegro", "NAMEfr": "Monténégro", "Major_area": "Europe", "_1990": null, "_1995": null, "_2000": null, "_2005": null, "_2010": 78507, "_2015": 82541, "_2017": 70984 }, "geometry": { "type": "Point", "coordinates": [ 19.310525535511669, 42.732485396573963 ] } },
{ "type": "Feature", "properties": { "ISO2": "MN", "ISO3": "MNG", "ISONUM": 496, "NAMEen": "Mongolia", "NAMEfr": "Mongolie", "Major_area": "Asia", "_1990": 6718, "_1995": 7424, "_2000": 8206, "_2005": 11475, "_2010": 16061, "_2015": 17620, "_2017": 18204 }, "geometry": { "type": "Point", "coordinates": [ 103.02556764478129, 46.813010664992134 ] } },
{ "type": "Feature", "properties": { "ISO2": "MZ", "ISO3": "MOZ", "ISONUM": 508, "NAMEen": "Mozambique", "NAMEfr": "Mozambique", "Major_area": "Africa", "_1990": 122332, "_1995": 168256, "_2000": 195702, "_2005": 204830, "_2010": 214612, "_2015": 238930, "_2017": 246954 }, "geometry": { "type": "Point", "coordinates": [ 35.559750023147927, -17.284762746156147 ] } },
{ "type": "Feature", "properties": { "ISO2": "MR", "ISO3": "MRT", "ISONUM": 478, "NAMEen": "Mauritania", "NAMEfr": "Mauritanie", "Major_area": "Africa", "_1990": 111650, "_1995": 89562, "_2000": 57366, "_2005": 58119, "_2010": 84679, "_2015": 166552, "_2017": 168438 }, "geometry": { "type": "Point", "coordinates": [ -10.353845284294234, 20.259393678515487 ] } },
{ "type": "Feature", "properties": { "ISO2": "MW", "ISO3": "MWI", "ISONUM": 454, "NAMEen": "Malawi", "NAMEfr": "Malawi", "Major_area": "Africa", "_1990": 1127724, "_1995": 241624, "_2000": 232620, "_2005": 221661, "_2010": 217722, "_2015": 232803, "_2017": 237104 }, "geometry": { "type": "Point", "coordinates": [ 34.281417929849148, -13.51849194171416 ] } },
{ "type": "Feature", "properties": { "ISO2": "MY", "ISO3": "MYS", "ISONUM": 458, "NAMEen": "Malaysia", "NAMEfr": "Malaisie", "Major_area": "Asia", "_1990": 695920, "_1995": 937368, "_2000": 1277223, "_2005": 1722344, "_2010": 2406011, "_2015": 2650617, "_2017": 2703629 }, "geometry": { "type": "Point", "coordinates": [ 114.713411657038748, 3.591326396824185 ] } },
{ "type": "Feature", "properties": { "ISO2": "NA", "ISO3": "NAM", "ISONUM": 516, "NAMEen": "Namibia", "NAMEfr": "Namibia", "Major_area": "Africa", "_1990": 120641, "_1995": 115372, "_2000": 134403, "_2005": 106274, "_2010": 102405, "_2015": 96888, "_2017": 95067 }, "geometry": { "type": "Point", "coordinates": [ 17.200411149834213, -22.137547348938771 ] } },
{ "type": "Feature", "properties": { "ISO2": "NE", "ISO3": "NER", "ISONUM": 562, "NAMEen": "Niger", "NAMEfr": "Niger", "Major_area": "Africa", "_1990": 115464, "_1995": 145999, "_2000": 122260, "_2005": 124461, "_2010": 126464, "_2015": 252998, "_2017": 295610 }, "geometry": { "type": "Point", "coordinates": [ 9.384158837938646, 17.405157403904717 ] } },
{ "type": "Feature", "properties": { "ISO2": "NG", "ISO3": "NGA", "ISONUM": 566, "NAMEen": "Nigeria", "NAMEfr": "Nigéria", "Major_area": "Africa", "_1990": 456621, "_1995": 462999, "_2000": 487882, "_2005": 969294, "_2010": 988679, "_2015": 1199115, "_2017": 1235088 }, "geometry": { "type": "Point", "coordinates": [ 8.05912095557343, 9.577784196357465 ] } },
{ "type": "Feature", "properties": { "ISO2": "NI", "ISO3": "NIC", "ISONUM": 558, "NAMEen": "Nicaragua", "NAMEfr": "Nicaragua", "Major_area": "America", "_1990": 41421, "_1995": 26619, "_2000": 30389, "_2005": 34918, "_2010": 37333, "_2015": 40262, "_2017": 41159 }, "geometry": { "type": "Point", "coordinates": [ -85.038568994341105, 12.826869591650972 ] } },
{ "type": "Feature", "properties": { "ISO2": "NL", "ISO3": "NLD", "ISONUM": 528, "NAMEen": "Netherlands", "NAMEfr": "Pays-Bas", "Major_area": "Europe", "_1990": 1182263, "_1995": 1346164, "_2000": 1556337, "_2005": 1736127, "_2010": 1832510, "_2015": 1996318, "_2017": 2056520 }, "geometry": { "type": "Point", "coordinates": [ 5.591457860010451, 52.286143043672254 ] } },
{ "type": "Feature", "properties": { "ISO2": "NO", "ISO3": "NOR", "ISONUM": 578, "NAMEen": "Norway", "NAMEfr": "Norvège", "Major_area": "Europe", "_1990": 192587, "_1995": 233302, "_2000": 292440, "_2005": 361144, "_2010": 526799, "_2015": 746375, "_2017": 798944 }, "geometry": { "type": "Point", "coordinates": [ 14.546191272290379, 64.741554672643332 ] } },
{ "type": "Feature", "properties": { "ISO2": "NP", "ISO3": "NPL", "ISONUM": 524, "NAMEen": "Nepal", "NAMEfr": "Népal", "Major_area": "Asia", "_1990": 429974, "_1995": 690225, "_2000": 717900, "_2005": 679457, "_2010": 578657, "_2015": 509855, "_2017": 502670 }, "geometry": { "type": "Point", "coordinates": [ 83.909675517172857, 28.23184290018348 ] } },
{ "type": "Feature", "properties": { "ISO2": "NZ", "ISO3": "NZL", "ISONUM": 554, "NAMEen": "New Zealand", "NAMEfr": "Nouvelle-Zélande", "Major_area": "Oceania", "_1990": 518047, "_1995": 588617, "_2000": 678813, "_2005": 839952, "_2010": 947443, "_2015": 1039736, "_2017": 1067423 }, "geometry": { "type": "Point", "coordinates": [ 170.402505531989846, -43.96534328261189 ] } },
{ "type": "Feature", "properties": { "ISO2": "PK", "ISO3": "PAK", "ISONUM": 586, "NAMEen": "Pakistan", "NAMEfr": "Pakistan", "Major_area": "Asia", "_1990": 6208204, "_1995": 3669308, "_2000": 4181912, "_2005": 3171132, "_2010": 3941586, "_2015": 3628956, "_2017": 3398154 }, "geometry": { "type": "Point", "coordinates": [ 69.31400674490952, 29.933886336763695 ] } },
{ "type": "Feature", "properties": { "ISO2": "PA", "ISO3": "PAN", "ISONUM": 591, "NAMEen": "Panama", "NAMEfr": "Panama", "Major_area": "America", "_1990": 62744, "_1995": 70848, "_2000": 83410, "_2005": 117563, "_2010": 157309, "_2015": 184710, "_2017": 190728 }, "geometry": { "type": "Point", "coordinates": [ -80.047186484791183, 8.559401869186994 ] } },
{ "type": "Feature", "properties": { "ISO2": "PE", "ISO3": "PER", "ISONUM": 604, "NAMEen": "Peru", "NAMEfr": "Pérou", "Major_area": "America", "_1990": 65025, "_1995": 56732, "_2000": 66293, "_2005": 77541, "_2010": 84066, "_2015": 91481, "_2017": 93780 }, "geometry": { "type": "Point", "coordinates": [ -74.397190291283209, -9.153496501344598 ] } },
{ "type": "Feature", "properties": { "ISO2": "PH", "ISO3": "PHL", "ISONUM": 608, "NAMEen": "Philippines", "NAMEfr": "Philippines", "Major_area": "Asia", "_1990": 154071, "_1995": 207345, "_2000": 318095, "_2005": 257468, "_2010": 208599, "_2015": 211862, "_2017": 218530 }, "geometry": { "type": "Point", "coordinates": [ 121.529578793091758, 15.78153944462786 ] } },
{ "type": "Feature", "properties": { "ISO2": "PG", "ISO3": "PNG", "ISONUM": 598, "NAMEen": "Papua New Guinea", "NAMEfr": "Papouasie-Nouvelle-Guinée", "Major_area": "Oceania", "_1990": 32720, "_1995": 33526, "_2000": 25101, "_2005": 29967, "_2010": 25424, "_2015": 30782, "_2017": 32389 }, "geometry": { "type": "Point", "coordinates": [ 144.237668041744882, -6.588806071142669 ] } },
{ "type": "Feature", "properties": { "ISO2": "PL", "ISO3": "POL", "ISONUM": 616, "NAMEen": "Poland", "NAMEfr": "Pologne", "Major_area": "Europe", "_1990": 1127771, "_1995": 964725, "_2000": 825251, "_2005": 722509, "_2010": 642417, "_2015": 611855, "_2017": 640937 }, "geometry": { "type": "Point", "coordinates": [ 19.266774352472975, 52.157318041125713 ] } },
{ "type": "Feature", "properties": { "ISO2": "PR", "ISO3": "PRI", "ISONUM": 630, "NAMEen": "Puerto Rico", "NAMEfr": "Porto Rico", "Major_area": "America", "_1990": 321909, "_1995": 338067, "_2000": 355038, "_2005": 352144, "_2010": 304969, "_2015": 280494, "_2017": 273494 }, "geometry": { "type": "Point", "coordinates": [ -66.318836612320155, 18.197275181156584 ] } },
{ "type": "Feature", "properties": { "ISO2": "KP", "ISO3": "PRK", "ISONUM": 408, "NAMEen": "North Korea", "NAMEfr": "Corée du Nord", "Major_area": "Asia", "_1990": 34103, "_1995": 35143, "_2000": 36183, "_2005": 40097, "_2010": 44010, "_2015": 48458, "_2017": 48939 }, "geometry": { "type": "Point", "coordinates": [ 127.247118149480301, 40.221853433122781 ] } },
{ "type": "Feature", "properties": { "ISO2": "PT", "ISO3": "PRT", "ISONUM": 620, "NAMEen": "Portugal", "NAMEfr": "Portugal", "Major_area": "Europe", "_1990": 435782, "_1995": 532822, "_2000": 651472, "_2005": 771184, "_2010": 762825, "_2015": 864814, "_2017": 880188 }, "geometry": { "type": "Point", "coordinates": [ -7.998118047438016, 39.632015592461286 ] } },
{ "type": "Feature", "properties": { "ISO2": "PY", "ISO3": "PRY", "ISONUM": 600, "NAMEen": "Paraguay", "NAMEfr": "Paraguay", "Major_area": "America", "_1990": 195884, "_1995": 186570, "_2000": 176608, "_2005": 168243, "_2010": 160299, "_2015": 156462, "_2017": 160519 }, "geometry": { "type": "Point", "coordinates": [ -58.423261750499925, -23.229966438450013 ] } },
{ "type": "Feature", "properties": { "ISO2": "PS", "ISO3": "PSE", "ISONUM": 275, "NAMEen": "Palestine", "NAMEfr": "Palestine", "Major_area": "Asia", "_1990": 288332, "_1995": 281767, "_2000": 275202, "_2005": 266617, "_2010": 258032, "_2015": 255507, "_2017": 253735 }, "geometry": { "type": "Point", "coordinates": [ 35.336767531929766, 31.90116078108592 ] } },
{ "type": "Feature", "properties": { "ISO2": "QA", "ISO3": "QAT", "ISONUM": 634, "NAMEen": "Qatar", "NAMEfr": "Qatar", "Major_area": "Asia", "_1990": 309753, "_1995": 361673, "_2000": 359697, "_2005": 646026, "_2010": 1456413, "_2015": 1687640, "_2017": 1721392 }, "geometry": { "type": "Point", "coordinates": [ 51.434916696587997, 25.486600548792772 ] } },
{ "type": "Feature", "properties": { "ISO2": "RO", "ISO3": "ROU", "ISONUM": 642, "NAMEen": "Romania", "NAMEfr": "Roumanie", "Major_area": "Europe", "_1990": 135825, "_1995": 135037, "_2000": 126949, "_2005": 145162, "_2010": 166126, "_2015": 281048, "_2017": 370753 }, "geometry": { "type": "Point", "coordinates": [ 24.934148111832677, 45.817469843663311 ] } },
{ "type": "Feature", "properties": { "ISO2": "RW", "ISO3": "RWA", "ISONUM": 646, "NAMEen": "Rwanda", "NAMEfr": "Rwanda", "Major_area": "Africa", "_1990": 159869, "_1995": 233200, "_2000": 347076, "_2005": 432797, "_2010": 436787, "_2015": 441525, "_2017": 443088 }, "geometry": { "type": "Point", "coordinates": [ 29.868224418391122, -1.955286134916443 ] } },
{ "type": "Feature", "properties": { "ISO2": "EH", "ISO3": "SAH", "ISONUM": 732, "NAMEen": "Western Sahara", "NAMEfr": "Sahara occidental", "Major_area": "Africa", "_1990": 2688, "_1995": 2989, "_2000": 3289, "_2005": 3891, "_2010": 4493, "_2015": 5179, "_2017": 5384 }, "geometry": { "type": "Point", "coordinates": [ -13.131061501122062, 24.734552874270491 ] } },
{ "type": "Feature", "properties": { "ISO2": "SA", "ISO3": "SAU", "ISONUM": 682, "NAMEen": "Saudi Arabia", "NAMEfr": "Arabie saoudite", "Major_area": "Asia", "_1990": 4998445, "_1995": 5122702, "_2000": 5263387, "_2005": 6501819, "_2010": 8429956, "_2015": 10771366, "_2017": 12185284 }, "geometry": { "type": "Point", "coordinates": [ 44.53499980427781, 24.136219081761546 ] } },
{ "type": "Feature", "properties": { "ISO2": "SD", "ISO3": "SDN", "ISONUM": 729, "NAMEen": "Sudan", "NAMEfr": "Soudan", "Major_area": "Africa", "_1990": 1402896, "_1995": 1053396, "_2000": 801883, "_2005": 541994, "_2010": 578363, "_2015": 623878, "_2017": 735821 }, "geometry": { "type": "Point", "coordinates": [ 29.950062923277851, 15.992848425386555 ] } },
{ "type": "Feature", "properties": { "ISO2": "SS", "ISO3": "SSD", "ISONUM": 728, "NAMEen": "South Sudan", "NAMEfr": "Soudan du Sud", "Major_area": "Africa", "_1990": null, "_1995": null, "_2000": null, "_2005": null, "_2010": 257905, "_2015": 844122, "_2017": 845239 }, "geometry": { "type": "Point", "coordinates": [ 30.33262173421846, 7.2804998570407 ] } },
{ "type": "Feature", "properties": { "ISO2": "SN", "ISO3": "SEN", "ISONUM": 686, "NAMEen": "Senegal", "NAMEfr": "Sénégal", "Major_area": "Africa", "_1990": 270410, "_1995": 287654, "_2000": 231901, "_2005": 238298, "_2010": 256092, "_2015": 263242, "_2017": 265601 }, "geometry": { "type": "Point", "coordinates": [ -14.41738625722402, 14.331158585672933 ] } },
{ "type": "Feature", "properties": { "ISO2": "SB", "ISO3": "SLB", "ISONUM": 90, "NAMEen": "Solomon Islands", "NAMEfr": "Îles Salomon", "Major_area": "Oceania", "_1990": 4226, "_1995": 4178, "_2000": 3981, "_2005": 3271, "_2010": 2760, "_2015": 2585, "_2017": 2532 }, "geometry": { "type": "Point", "coordinates": [ 159.504793719954932, -8.159752026818115 ] } },
{ "type": "Feature", "properties": { "ISO2": "SL", "ISO3": "SLE", "ISONUM": 694, "NAMEen": "Sierra Leone", "NAMEfr": "Sierra Leone", "Major_area": "Africa", "_1990": 222242, "_1995": 105374, "_2000": 98241, "_2005": 149615, "_2010": 97452, "_2015": 91213, "_2017": 95248 }, "geometry": { "type": "Point", "coordinates": [ -11.816585550080342, 8.539247094803573 ] } },
{ "type": "Feature", "properties": { "ISO2": "SV", "ISO3": "SLV", "ISONUM": 222, "NAMEen": "El Salvador", "NAMEfr": "Salvador", "Major_area": "America", "_1990": 47360, "_1995": 39537, "_2000": 31713, "_2005": 36019, "_2010": 40324, "_2015": 42045, "_2017": 42323 }, "geometry": { "type": "Point", "coordinates": [ -88.917133895036926, 13.73729006346603 ] } },
{ "type": "Feature", "properties": { "ISO2": "RS", "ISO3": "SRB", "ISONUM": 688, "NAMEen": "Serbia", "NAMEfr": "Serbie", "Major_area": "Europe", "_1990": 99269, "_1995": 630221, "_2000": 856763, "_2005": 845120, "_2010": 826066, "_2015": 807441, "_2017": 801903 }, "geometry": { "type": "Point", "coordinates": [ 20.775707282849886, 44.182541345440107 ] } },
{ "type": "Feature", "properties": { "ISO2": "SR", "ISO3": "SUR", "ISONUM": 740, "NAMEen": "Suriname", "NAMEfr": "Suriname", "Major_area": "America", "_1990": 18031, "_1995": 22270, "_2000": 27506, "_2005": 33664, "_2010": 39713, "_2015": 46836, "_2017": 47699 }, "geometry": { "type": "Point", "coordinates": [ -55.901946792085177, 4.178035484843669 ] } },
{ "type": "Feature", "properties": { "ISO2": "SK", "ISO3": "SVK", "ISONUM": 703, "NAMEen": "Slovakia", "NAMEfr": "Slovaquie", "Major_area": "Europe", "_1990": 41295, "_1995": 69323, "_2000": 116376, "_2005": 130491, "_2010": 146319, "_2015": 177624, "_2017": 184642 }, "geometry": { "type": "Point", "coordinates": [ 19.505858033235505, 48.681871401404187 ] } },
{ "type": "Feature", "properties": { "ISO2": "SI", "ISO3": "SVN", "ISONUM": 705, "NAMEen": "Slovenia", "NAMEfr": "Slovénie", "Major_area": "Europe", "_1990": 178077, "_1995": 174419, "_2000": 171018, "_2005": 197276, "_2010": 253786, "_2015": 237616, "_2017": 244790 }, "geometry": { "type": "Point", "coordinates": [ 14.856524558936925, 46.125420058048952 ] } },
{ "type": "Feature", "properties": { "ISO2": "SE", "ISO3": "SWE", "ISONUM": 752, "NAMEen": "Sweden", "NAMEfr": "Suède", "Major_area": "Europe", "_1990": 788767, "_1995": 936022, "_2000": 1003798, "_2005": 1125790, "_2010": 1337214, "_2015": 1602522, "_2017": 1747710 }, "geometry": { "type": "Point", "coordinates": [ 16.708788644751731, 62.8011402250578 ] } },
{ "type": "Feature", "properties": { "ISO2": "SZ", "ISO3": "SWZ", "ISONUM": 748, "NAMEen": "Swaziland", "NAMEfr": "Swaziland", "Major_area": "Africa", "_1990": 72085, "_1995": 25031, "_2000": 22855, "_2005": 27097, "_2010": 30476, "_2015": 31993, "_2017": 33263 }, "geometry": { "type": "Point", "coordinates": [ 31.459442830247021, -26.559216511990677 ] } },
{ "type": "Feature", "properties": { "ISO2": "SY", "ISO3": "SYR", "ISONUM": 760, "NAMEen": "Syria", "NAMEfr": "Syrie", "Major_area": "Asia", "_1990": 714140, "_1995": 830610, "_2000": 832273, "_2005": 876410, "_2010": 1785115, "_2015": 993940, "_2017": 1013818 }, "geometry": { "type": "Point", "coordinates": [ 38.512555420161249, 35.031725896974862 ] } },
{ "type": "Feature", "properties": { "ISO2": "TD", "ISO3": "TCD", "ISONUM": 148, "NAMEen": "Chad", "NAMEfr": "Tchad", "Major_area": "Africa", "_1990": 74342, "_1995": 89584, "_2000": 104825, "_2005": 352062, "_2010": 416924, "_2015": 516968, "_2017": 489690 }, "geometry": { "type": "Point", "coordinates": [ 18.65904682067411, 15.336456907697194 ] } },
{ "type": "Feature", "properties": { "ISO2": "TG", "ISO3": "TGO", "ISONUM": 768, "NAMEen": "Togo", "NAMEfr": "Togo", "Major_area": "Africa", "_1990": 84844, "_1995": 101583, "_2000": 137891, "_2005": 203379, "_2010": 255262, "_2015": 276844, "_2017": 283966 }, "geometry": { "type": "Point", "coordinates": [ 0.947514033108444, 8.581272787110143 ] } },
{ "type": "Feature", "properties": { "ISO2": "TH", "ISO3": "THA", "ISONUM": 764, "NAMEen": "Thailand", "NAMEfr": "Thaïlande", "Major_area": "Asia", "_1990": 528693, "_1995": 809720, "_2000": 1257821, "_2005": 2163447, "_2010": 3224131, "_2015": 3486526, "_2017": 3588873 }, "geometry": { "type": "Point", "coordinates": [ 101.019012096336454, 15.087951707072701 ] } },
{ "type": "Feature", "properties": { "ISO2": "TJ", "ISO3": "TJK", "ISONUM": 762, "NAMEen": "Tajikistan", "NAMEfr": "Tadjikistan", "Major_area": "Asia", "_1990": 428900, "_1995": 348347, "_2000": 299266, "_2005": 280444, "_2010": 278152, "_2015": 275059, "_2017": 273259 }, "geometry": { "type": "Point", "coordinates": [ 71.066244163489188, 38.541378636445479 ] } },
{ "type": "Feature", "properties": { "ISO2": "TM", "ISO3": "TKM", "ISONUM": 795, "NAMEen": "Turkmenistan", "NAMEfr": "Turkménistan", "Major_area": "Asia", "_1990": 306500, "_1995": 273565, "_2000": 218498, "_2005": 213051, "_2010": 197979, "_2015": 196386, "_2017": 195061 }, "geometry": { "type": "Point", "coordinates": [ 59.423562155914048, 39.101355834817241 ] } },
{ "type": "Feature", "properties": { "ISO2": "TT", "ISO3": "TTO", "ISONUM": 780, "NAMEen": "Trinidad and Tobago", "NAMEfr": "Trinité-et-Tobago", "Major_area": "America", "_1990": 50666, "_1995": 45994, "_2000": 41753, "_2005": 44812, "_2010": 48226, "_2015": 49883, "_2017": 50214 }, "geometry": { "type": "Point", "coordinates": [ -60.810371947327219, 10.473056729249803 ] } },
{ "type": "Feature", "properties": { "ISO2": "TN", "ISO3": "TUN", "ISONUM": 788, "NAMEen": "Tunisia", "NAMEfr": "Tunisie", "Major_area": "Africa", "_1990": 37984, "_1995": 37867, "_2000": 36446, "_2005": 35040, "_2010": 43172, "_2015": 56701, "_2017": 57663 }, "geometry": { "type": "Point", "coordinates": [ 9.61990699804184, 34.221771012748427 ] } },
{ "type": "Feature", "properties": { "ISO2": "TR", "ISO3": "TUR", "ISONUM": 792, "NAMEen": "Turkey", "NAMEfr": "Turquie", "Major_area": "Asia", "_1990": 1163686, "_1995": 1216173, "_2000": 1280963, "_2005": 1319236, "_2010": 1367034, "_2015": 4131302, "_2017": 4881966 }, "geometry": { "type": "Point", "coordinates": [ 35.316901104490455, 38.975204119949794 ] } },
{ "type": "Feature", "properties": { "ISO2": "TW", "ISO3": "TWN", "ISONUM": 158, "NAMEen": "Taiwan", "NAMEfr": "Taïwan", "Major_area": null, "_1990": null, "_1995": null, "_2000": null, "_2005": null, "_2010": null, "_2015": null, "_2017": null }, "geometry": { "type": "Point", "coordinates": [ 120.969987109534728, 23.554948532698152 ] } },
{ "type": "Feature", "properties": { "ISO2": "TZ", "ISO3": "TZA", "ISONUM": 834, "NAMEen": "Tanzania", "NAMEfr": "Tanzanie", "Major_area": "Africa", "_1990": 574025, "_1995": 1106043, "_2000": 928180, "_2005": 770846, "_2010": 308600, "_2015": 413309, "_2017": 492574 }, "geometry": { "type": "Point", "coordinates": [ 34.960734016636003, -6.467382227823773 ] } },
{ "type": "Feature", "properties": { "ISO2": "UG", "ISO3": "UGA", "ISONUM": 800, "NAMEen": "Uganda", "NAMEfr": "Ouganda", "Major_area": "Africa", "_1990": 558307, "_1995": 634620, "_2000": 634703, "_2005": 652968, "_2010": 529160, "_2015": 1197162, "_2017": 1692120 }, "geometry": { "type": "Point", "coordinates": [ 32.29551474765988, 1.500508395037518 ] } },
{ "type": "Feature", "properties": { "ISO2": "UA", "ISO3": "UKR", "ISONUM": 804, "NAMEen": "Ukraine", "NAMEfr": "Ukraine", "Major_area": "Europe", "_1990": 6892920, "_1995": 6172338, "_2000": 5527087, "_2005": 5050302, "_2010": 4818767, "_2015": 4915142, "_2017": 4964293 }, "geometry": { "type": "Point", "coordinates": [ 31.371648310616649, 48.997536155187234 ] } },
{ "type": "Feature", "properties": { "ISO2": "UY", "ISO3": "URY", "ISONUM": 858, "NAMEen": "Uruguay", "NAMEfr": "Uruguay", "Major_area": "America", "_1990": 98116, "_1995": 93428, "_2000": 88871, "_2005": 82318, "_2010": 76263, "_2015": 78799, "_2017": 79586 }, "geometry": { "type": "Point", "coordinates": [ -55.995447021476011, -32.812100934522768 ] } },
{ "type": "Feature", "properties": { "ISO2": "US", "ISO3": "USA", "ISONUM": 840, "NAMEen": "United States of America", "NAMEfr": "États-Unis d'Amérique", "Major_area": "America", "_1990": 23251026, "_1995": 28451053, "_2000": 34814053, "_2005": 39258293, "_2010": 44183643, "_2015": 48178877, "_2017": 49776970 }, "geometry": { "type": "Point", "coordinates": [ -99.338257945634766, 39.393778089839167 ] } },
{ "type": "Feature", "properties": { "ISO2": "UZ", "ISO3": "UZB", "ISONUM": 860, "NAMEen": "Uzbekistan", "NAMEfr": "Ouzbékistan", "Major_area": "Asia", "_1990": 1653000, "_1995": 1512577, "_2000": 1405250, "_2005": 1329345, "_2010": 1220149, "_2015": 1170899, "_2017": 1159190 }, "geometry": { "type": "Point", "coordinates": [ 63.198131080927745, 41.694719591416856 ] } },
{ "type": "Feature", "properties": { "ISO2": "VE", "ISO3": "VEN", "ISONUM": 862, "NAMEen": "Venezuela", "NAMEfr": "Venezuela", "Major_area": "America", "_1990": 1025009, "_1995": 1019996, "_2000": 1013663, "_2005": 1070562, "_2010": 1331488, "_2015": 1404448, "_2017": 1426336 }, "geometry": { "type": "Point", "coordinates": [ -66.162856839820748, 7.137340793304375 ] } },
{ "type": "Feature", "properties": { "ISO2": "VN", "ISO3": "VNM", "ISONUM": 704, "NAMEen": "Vietnam", "NAMEfr": "Viet Nam", "Major_area": "Asia", "_1990": 28118, "_1995": 51262, "_2000": 56754, "_2005": 51768, "_2010": 61756, "_2015": 72793, "_2017": 76104 }, "geometry": { "type": "Point", "coordinates": [ 106.293807550264944, 16.594841969390551 ] } },
{ "type": "Feature", "properties": { "ISO2": "VU", "ISO3": "VUT", "ISONUM": 548, "NAMEen": "Vanuatu", "NAMEfr": "Vanuatu", "Major_area": "Oceania", "_1990": 2308, "_1995": 2461, "_2000": 2626, "_2005": 2800, "_2010": 2991, "_2015": 3187, "_2017": 3245 }, "geometry": { "type": "Point", "coordinates": [ 167.033611177725305, -15.54372271545274 ] } },
{ "type": "Feature", "properties": { "ISO2": "YE", "ISO3": "YEM", "ISONUM": 887, "NAMEen": "Yemen", "NAMEfr": "Yémen", "Major_area": "Asia", "_1990": 118863, "_1995": 136515, "_2000": 143495, "_2005": 171073, "_2010": 285837, "_2015": 379899, "_2017": 384321 }, "geometry": { "type": "Point", "coordinates": [ 47.522472699831347, 15.9394695481274 ] } },
{ "type": "Feature", "properties": { "ISO2": "ZA", "ISO3": "ZAF", "ISONUM": 710, "NAMEen": "South Africa", "NAMEfr": "Afrique du Sud", "Major_area": "Africa", "_1990": 1163883, "_1995": 1003807, "_2000": 1001825, "_2005": 1210936, "_2010": 2096886, "_2015": 3816696, "_2017": 4036696 }, "geometry": { "type": "Point", "coordinates": [ 25.179070657056862, -28.99614031764095 ] } },
{ "type": "Feature", "properties": { "ISO2": "ZM", "ISO3": "ZMB", "ISONUM": 894, "NAMEen": "Zambia", "NAMEfr": "Zambie", "Major_area": "Africa", "_1990": 279029, "_1995": 244338, "_2000": 321167, "_2005": 252749, "_2010": 149637, "_2015": 155428, "_2017": 156982 }, "geometry": { "type": "Point", "coordinates": [ 27.770607275888757, -13.462918339685974 ] } },
{ "type": "Feature", "properties": { "ISO2": "ZW", "ISO3": "ZWE", "ISONUM": 716, "NAMEen": "Zimbabwe", "NAMEfr": "Zimbabwe", "Major_area": "Africa", "_1990": 626821, "_1995": 431226, "_2000": 410041, "_2005": 392693, "_2010": 397891, "_2015": 403866, "_2017": 403866 }, "geometry": { "type": "Point", "coordinates": [ 29.867731472567609, -18.993101593817865 ] } },
{ "type": "Feature", "properties": { "ISO2": "TL", "ISO3": "TLS", "ISONUM": 626, "NAMEen": "East Timor", "NAMEfr": "Timor oriental", "Major_area": "Asia", "_1990": 8954, "_1995": 9743, "_2000": 10602, "_2005": 11286, "_2010": 11535, "_2015": 11784, "_2017": 12063 }, "geometry": { "type": "Point", "coordinates": [ 126.044165284767715, -8.700479779910358 ] } },
{ "type": "Feature", "properties": { "ISO2": "OM", "ISO3": "OMN", "ISONUM": 512, "NAMEen": "Oman", "NAMEfr": "Oman", "Major_area": "Asia", "_1990": 304000, "_1995": 539643, "_2000": 623608, "_2005": 666160, "_2010": 816221, "_2015": 1814591, "_2017": 2073292 }, "geometry": { "type": "Point", "coordinates": [ 56.097192742622859, 20.588295817546559 ] } },
{ "type": "Feature", "properties": { "ISO2": "SO", "ISO3": "SOM", "ISONUM": 706, "NAMEen": "Somalia", "NAMEfr": "Somalie", "Major_area": "Africa", "_1990": 478294, "_1995": 19527, "_2000": 20087, "_2005": 20670, "_2010": 23995, "_2015": 41578, "_2017": 44868 }, "geometry": { "type": "Point", "coordinates": [ 45.86288962248571, 6.082049178091828 ] } },
{ "type": "Feature", "properties": { "ISO2": "CA", "ISO3": "CAN", "ISONUM": 124, "NAMEen": "Canada", "NAMEfr": "Canada", "Major_area": "America", "_1990": 4333318, "_1995": 4864778, "_2000": 5511914, "_2005": 6078985, "_2010": 6761226, "_2015": 7561226, "_2017": 7861226 }, "geometry": { "type": "Point", "coordinates": [ -101.819941271965263, 57.841575224439545 ] } },
{ "type": "Feature", "properties": { "ISO2": "HK", "ISO3": "HKG", "ISONUM": 344, "NAMEen": "Hong Kong", "NAMEfr": "Hong Kong", "Major_area": "Asia", "_1990": 2218473, "_1995": 2443798, "_2000": 2669122, "_2005": 2721235, "_2010": 2779950, "_2015": 2838665, "_2017": 2883051 }, "geometry": { "type": "Point", "coordinates": [ 114.163916164773838, 22.332598472217889 ] } },
{ "type": "Feature", "properties": { "ISO2": "NC", "ISO3": "NCL", "ISONUM": 540, "NAMEen": "New Caledonia", "NAMEfr": "Nouvelle-Calédonie", "Major_area": "Oceania", "_1990": 37673, "_1995": 43662, "_2000": 49651, "_2005": 55405, "_2010": 61158, "_2015": 64290, "_2017": 66001 }, "geometry": { "type": "Point", "coordinates": [ 165.323481528005772, -21.240231056965058 ] } },
{ "type": "Feature", "properties": { "ISO2": "MO", "ISO3": "MAC", "ISONUM": 446, "NAMEen": "Macau", "NAMEfr": "Macao", "Major_area": "Asia", "_1990": 205047, "_1995": 224929, "_2000": 240791, "_2005": 279308, "_2010": 318506, "_2015": 342703, "_2017": 353654 }, "geometry": { "type": "Point", "coordinates": [ 113.647013893233336, 22.074730166433334 ] } },
{ "type": "Feature", "properties": { "ISO2": "CN", "ISO3": "CHN", "ISONUM": 156, "NAMEen": "China", "NAMEfr": "Chine", "Major_area": "Asia", "_1990": 376361, "_1995": 442198, "_2000": 508034, "_2005": 678947, "_2010": 849861, "_2015": 978046, "_2017": 999527 }, "geometry": { "type": "Point", "coordinates": [ 103.842970979602185, 36.62792270870915 ] } }
]
}
